date,revenue
01-01-2019,1333134.671
02-01-2019,1341802.592
03-01-2019,1334008.831
04-01-2019,1332306.003
05-01-2019,1317164.764
06-01-2019,1324103.039
07-01-2019,1346292.026
08-01-2019,1309580.64
09-01-2019,1318755.187
10-01-2019,1311691.695
11-01-2019,1310887.928
12-01-2019,1296761.947
13-01-2019,1304783.081
14-01-2019,1328079.447
15-01-2019,1292463.658
16-01-2019,1302693.454
17-01-2019,1296624.686
18-01-2019,1296743.647
19-01-2019,1283465.612
20-01-2019,1292265.478
21-01-2019,1316284.63
22-01-2019,1281355.732
23-01-2019,1292262.198
24-01-2019,1286889.816
25-01-2019,1287757.568
26-01-2019,1275314.577
27-01-2019,1285069.106
28-01-2019,1310193.805
29-01-2019,1276548.958
30-01-2019,1288940.529
31-01-2019,1285270.539
01-02-2019,1288066.858
02-02-2019,1277779.36
03-02-2019,1289908.416
04-02-2019,1317609.927
05-02-2019,1286718.645
06-02-2019,1302006.606
07-02-2019,1301334.172
08-02-2019,1307180.757
09-02-2019,1299942.152
10-02-2019,1315060.393
11-02-2019,1345630.322
12-02-2019,1317424.563
13-02-2019,1335153.654
14-02-2019,1336618.816
15-02-2019,1344244.346
16-02-2019,1338376.542
17-02-2019,1354415.003
18-02-2019,1385420.46
19-02-2019,1357140.792
20-02-2019,1374271.948
21-02-2019,1374611.232
22-02-2019,1380589.929
23-02-2019,1372572.154
24-02-2019,1385985.804
25-02-2019,1413929.747
26-02-2019,1382198.941
27-02-2019,1395544.225
28-02-2019,1391824.283
01-03-2019,1393536.777
02-03-2019,1381115.599
03-03-2019,1390060.156
04-03-2019,1413540.87
05-03-2019,1377422.634
06-03-2019,1386523.032
07-03-2019,1378762.823
08-03-2019,1376695.777
09-03-2019,1360804.811
10-03-2019,1366630.38
11-03-2019,1387375.321
12-03-2019,1348927.914
13-03-2019,1356119.952
14-03-2019,1346877.348
15-03-2019,1343750.318
16-03-2019,1327210.108
17-03-2019,1332778.164
18-03-2019,1353631.935
19-03-2019,1315629.019
20-03-2019,1323566.426
21-03-2019,1315332.422
22-03-2019,1313437.975
23-03-2019,1298314.706
24-03-2019,1305445.226
25-03-2019,1327970.002
26-03-2019,1291712.428
27-03-2019,1301438.854
28-03-2019,1295011.021
29-03-2019,1294917.889
30-03-2019,1281573.788
31-03-2019,1290448.735
01-04-2019,1314675.095
02-04-2019,1280072.276
03-04-2019,1291406.206
04-04-2019,1286541.094
05-04-2019,1287970.489
06-04-2019,1276114.577
07-04-2019,1286449.626
08-04-2019,1312113.778
09-04-2019,1278930.909
10-04-2019,1291669.364
11-04-2019,1288193.067
12-04-2019,1290992.084
13-04-2019,1280479.57
14-04-2019,1292121.054
15-04-2019,1319040.251
16-04-2019,1287043.138
17-04-2019,1300877.091
18-04-2019,1298382.581
19-04-2019,1302024.476
20-04-2019,1292189.866
21-04-2019,1304318.338
22-04-2019,1331508.845
23-04-2019,1299544.876
24-04-2019,1313154.691
25-04-2019,1310164.061
26-04-2019,1313028.53
27-04-2019,1302132.085
28-04-2019,1312918.109
29-04-2019,1338496.737
30-04-2019,1304670.315
01-05-2019,1316193.661
02-05-2019,1310926.608
03-05-2019,1311365.813
04-05-2019,1297942.723
05-05-2019,1306153.594
06-05-2019,1329165.706
07-05-2019,1292841.476
08-05-2019,1301997.248
09-05-2019,1294554.235
10-05-2019,1293068.664
11-05-2019,1278028.067
12-05-2019,1284979.652
13-05-2019,1307134.951
14-05-2019,1270392.505
15-05-2019,1279595.396
16-05-2019,1272681.157
17-05-2019,1272211.147
18-05-2019,1258666.349
19-05-2019,1267575.565
20-05-2019,1292120.209
21-05-2019,1258157.466
22-05-2019,1270478.611
23-05-2019,1266960.023
24-05-2019,1270093.933
25-05-2019,1260285.851
26-05-2019,1272984.596
27-05-2019,1301289.076
28-05-2019,1270973.54
29-05-2019,1286748.05
30-05-2019,1286411.611
31-05-2019,1292384.984
01-06-2019,1285010.039
02-06-2019,1299681.51
03-06-2019,1329455.281
04-06-2019,1300074.841
05-06-2019,1316232.641
06-06-2019,1315723.765
07-06-2019,1320978.898
08-06-2019,1312363.462
09-06-2019,1325308.783
10-06-2019,1352919.412
11-06-2019,1320998.287
12-06-2019,1334306.483
13-06-2019,1330715.02
14-06-2019,1332735.753
15-06-2019,1320818.281
16-06-2019,1330478.795
17-06-2019,1354905.055
18-06-2019,1319979.256
19-06-2019,1330535.589
20-06-2019,1324510.034
21-06-2019,1324469.473
22-06-2019,1310907.104
23-06-2019,1319370.123
24-06-2019,1343063.916
25-06-2019,1307874.511
26-06-2019,1318626.144
27-06-2019,1313231.474
28-06-2019,1314221.488
29-06-2019,1302042.1
30-06-2019,1312183.359
01-07-2019,1337785.452
02-07-2019,1304663.231
03-07-2019,1317566.022
04-07-2019,1314330.193
05-07-2019,1317411.481
06-07-2019,1307183.972
07-07-2019,1319071.592
08-07-2019,1346156.225
09-07-2019,1314204.117
10-07-2019,1327927.274
11-07-2019,1325137.265
12-07-2019,1328278.412
13-07-2019,1317727.199
14-07-2019,1328923.77
15-07-2019,1354979.616
16-07-2019,1321703.114
17-07-2019,1333859.652
18-07-2019,1329323.789
19-07-2019,1330610.466
20-07-2019,1318172.172
21-07-2019,1327527.991
22-07-2019,1351868.694
23-07-2019,1317079.638
24-07-2019,1327998.268
25-07-2019,1322563.756
26-07-2019,1323345.875
27-07-2019,1310840.086
28-07-2019,1320594.825
29-07-2019,1345815.226
30-07-2019,1312385.076
31-07-2019,1325123.847
01-08-2019,1321936.355
02-08-2019,1325342.159
03-08-2019,1315771.665
04-08-2019,1328694.909
05-08-2019,1357227.221
06-08-2019,1327153.507
07-08-2019,1343187.951
08-08-2019,1343126.603
09-08-2019,1349379.889
10-08-2019,1342271.925
11-08-2019,1357172.515
12-08-2019,1387105.942
13-08-2019,1357778.202
14-08-2019,1373839.39
15-08-2019,1373038.619
16-08-2019,1377758.445
17-08-2019,1368315.611
18-08-2019,1380093.933
19-08-2019,1406153.415
20-08-2019,1372257.215
21-08-2019,1383133.156
22-08-2019,1376627.207
23-08-2019,1375235.858
24-08-2019,1359404.463
25-08-2019,1364657.049
26-08-2019,1384202.128
27-08-2019,1343956.021
28-08-2019,1348800.535
29-08-2019,1336732.508
30-08-2019,1330392.287
31-08-2019,1310358.142
01-09-2019,1312272.578
02-09-2019,1329444.815
03-09-2019,1287871.23
04-09-2019,1292490.641
05-09-2019,1281332.002
06-09-2019,1277041.67
07-09-2019,1260177.245
08-09-2019,1266333.992
09-09-2019,1288748.109
10-09-2019,1253318.634
11-09-2019,1264864.817
12-09-2019,1261276.509
13-09-2019,1265044.624
14-09-2019,1256558.639
15-09-2019,1271237.012
16-09-2019,1302134.708
17-09-2019,1274969.492
18-09-2019,1294383.724
19-09-2019,1298099.078
20-09-2019,1308451.142
21-09-2019,1305690.725
22-09-2019,1325117.701
23-09-2019,1359691.433
24-09-2019,1335059.407
25-09-2019,1355820.714
26-09-2019,1359681.777
27-09-2019,1368991.244
28-09-2019,1364040.865
29-09-2019,1380198.199
30-09-2019,1410515.213
01-10-2019,1380754.463
02-10-2019,1395649.547
03-10-2019,1393057.317
04-10-2019,1395488.86
05-10-2019,1383406.164
06-10-2019,1392350.433
07-10-2019,1415546.23
08-10-2019,1378923.239
09-10-2019,1387372.487
10-10-2019,1378894.58
11-10-2019,1376127.097
12-10-2019,1359638.154
13-10-2019,1365052.152
14-10-2019,1385651.995
15-10-2019,1347399.583
16-10-2019,1355191.469
17-10-2019,1347007.245
18-10-2019,1345437.794
19-10-2019,1330980.382
20-10-2019,1339166.58
21-10-2019,1363167.117
22-10-2019,1328815.943
23-10-2019,1340869.211
24-10-2019,1337157.734
25-10-2019,1340119.398
26-10-2019,1330098.511
27-10-2019,1342477.948
28-10-2019,1370288.199
29-10-2019,1339234.949
30-10-2019,1353961.871
31-10-2019,1352206.025
01-11-2019,1356332.794
02-11-2019,1346637.173
03-11-2019,1358477.216
04-11-2019,1384883.722
05-11-2019,1351587.764
06-11-2019,1363282.766
07-11-2019,1357778.528
08-11-2019,1357534.17
09-11-2019,1342956.883
10-11-2019,1349532.349
11-11-2019,1370430.996
12-11-2019,1331531.8
13-11-2019,1337680.414
14-11-2019,1326839.158
15-11-2019,1321615.94
16-11-2019,1302559.087
17-11-2019,1305284.076
18-11-2019,1323076.413
19-11-2019,1281912.458
20-11-2019,1286715.062
21-11-2019,1275501.603
22-11-2019,1270911.533
23-11-2019,1253500.467
24-11-2019,1258866.795
25-11-2019,1280255.069
26-11-2019,1243577.952
27-11-2019,1253673.547
28-11-2019,1248455.647
29-11-2019,1250443.959
30-11-2019,1240061.245
01-12-2019,1252763.283
02-12-2019,1281645.817
03-12-2019,1252470.169
04-12-2019,1269924.247
05-12-2019,1271776.388
06-12-2019,1280408.997
07-12-2019,1276118.836
08-12-2019,1294249.804
09-12-2019,1327802.277
10-12-2019,1302460.657
11-12-2019,1322855.811
12-12-2019,1326719.807
13-12-2019,1336419.895
14-12-2019,1332258.61
15-12-2019,1349605.819
16-12-2019,1381506.851
17-12-2019,1353708.372
18-12-2019,1370918.724
19-12-2019,1370960.388
20-12-2019,1376301.2
21-12-2019,1367351.655
22-12-2019,1379594.036
23-12-2019,1406187.607
24-12-2019,1372991.613
25-12-2019,1384822.927
26-12-2019,1379605.879
27-12-2019,1379901.351
28-12-2019,1366202.141
29-12-2019,1374060.553
30-12-2019,1396692.461
31-12-2019,1359999.604
01-01-2020,1368826.964
02-01-2020,1361112.732
03-01-2020,1359417.959
04-01-2020,1344222.842
05-01-2020,1351055.572
06-01-2020,1373097.937
07-01-2020,1336209.386
08-01-2020,1345186.331
09-01-2020,1337914.158
10-01-2020,1336898.933
11-01-2020,1322565.729
12-01-2020,1330389.408
13-01-2020,1353502.01
14-01-2020,1317718.395
15-01-2020,1327796.877
16-01-2020,1321592.266
17-01-2020,1321588.314
18-01-2020,1308196.434
19-01-2020,1316886.551
20-01-2020,1340794.231
21-01-2020,1305745.755
22-01-2020,1316517.892
23-01-2020,1310989.843
24-01-2020,1311674.364
25-01-2020,1299015.018
26-01-2020,1308515.44
27-01-2020,1333344.838
28-01-2020,1299361.431
29-01-2020,1311370.659
30-01-2020,1307275.662
31-01-2020,1309607.119
01-02-2020,1298819.396
02-02-2020,1310418.976
03-02-2020,1337569.366
04-02-2020,1306114.255
05-02-2020,1320835.721
06-02-2020,1319605.025
07-02-2020,1324913.042
08-02-2020,1317167.281
09-02-2020,1331821.425
10-02-2020,1361981.572
11-02-2020,1333430.882
12-02-2020,1350889.415
13-02-2020,1352166.614
14-02-2020,1359693.461
15-02-2020,1353821.184
16-02-2020,1369952.432
17-02-2020,1401148.977
18-02-2020,1373157.68
19-02-2020,1390671.429
20-02-2020,1391482.479
21-02-2020,1398015.197
22-02-2020,1390625.074
23-02-2020,1404729.883
24-02-2020,1433417.123
25-02-2020,1402469.406
26-02-2020,1416624.559
27-02-2020,1413727.897
28-02-2020,1416263.673
29-02-2020,1404652.653
01-03-2020,1414381.695
02-03-2020,1438609.529
03-03-2020,1403190.469
04-03-2020,1412932.835
05-03-2020,1405749.625
06-03-2020,1404188.465
07-03-2020,1388727.834
08-03-2020,1394905.477
09-03-2020,1415923.238
10-03-2020,1377670.051
11-03-2020,1384979.905
12-03-2020,1375782.299
13-03-2020,1372632.255
14-03-2020,1356006.826
15-03-2020,1361434.051
16-03-2020,1382098.515
17-03-2020,1343865.261
18-03-2020,1351538.813
19-03-2020,1343014.796
20-03-2020,1340811.182
21-03-2020,1325366.061
22-03-2020,1332167.827
23-03-2020,1354361.931
24-03-2020,1317775.877
25-03-2020,1327179.21
26-03-2020,1320435.95
27-03-2020,1320036.463
28-03-2020,1306395.678
29-03-2020,1314983.511
30-03-2020,1338931.657
31-03-2020,1304058.424
01-04-2020,1315128.388
02-04-2020,1310004.312
03-04-2020,1311178.381
04-04-2020,1299069.657
05-04-2020,1309153.678
06-04-2020,1334568.373
07-04-2020,1301138.026
08-04-2020,1313632.083
09-04-2020,1309916.299
10-04-2020,1312483.305
11-04-2020,1301749.518
12-04-2020,1313184.354
13-04-2020,1339915.883
14-04-2020,1307754.924
15-04-2020,1321453.859
16-04-2020,1318858.199
17-04-2020,1322437.675
18-04-2020,1312583.866
19-04-2020,1324740.252
20-04-2020,1352008.884
21-04-2020,1320175.369
22-04-2020,1333968.933
23-04-2020,1331215.024
24-04-2020,1334367.475
25-04-2020,1323807.113
26-04-2020,1334972.69
27-04-2020,1360968.273
28-04-2020,1327588.774
29-04-2020,1339580.339
30-04-2020,1334793.06
01-05-2020,1335712.989
02-05-2020,1322760.36
03-05-2020,1331419.874
04-05-2020,1354847.222
05-05-2020,1318893.505
06-05-2020,1328364.347
07-05-2020,1321171.147
08-05-2020,1319861.529
09-05-2020,1304915.905
10-05-2020,1311876.09
11-05-2020,1333950.161
12-05-2020,1297035.286
13-05-2020,1305975.37
14-05-2020,1298711.003
15-05-2020,1297808.817
16-05-2020,1283757.209
17-05-2020,1292094.396
18-05-2020,1316013.01
19-05-2020,1281383.002
20-05-2020,1293009.665
21-05-2020,1288784.304
22-05-2020,1291214.614
23-05-2020,1280721.716
24-05-2020,1292769.776
25-05-2020,1320472.388
26-05-2020,1289617.433
27-05-2020,1304927.179
28-05-2020,1304211.083
29-05-2020,1309898.31
30-05-2020,1302336.852
31-05-2020,1316925.101
01-06-2020,1346720.03
02-06-2020,1317463.605
03-06-2020,1333844.171
04-06-2020,1333650.225
05-06-2020,1339303.558
06-06-2020,1331158.626
07-06-2020,1344634.013
08-06-2020,1372820.097
09-06-2020,1341504.601
10-06-2020,1355432.757
11-06-2020,1352459.564
12-06-2020,1355081.107
13-06-2020,1343731.91
14-06-2020,1353914.195
15-06-2020,1378803.253
16-06-2020,1344270.65
17-06-2020,1355142.078
18-06-2020,1349347.378
19-06-2020,1349449.812
20-06-2020,1335941.565
21-06-2020,1344371.438
22-06-2020,1367948.966
23-06-2020,1332566.737
24-06-2020,1343057.743
25-06-2020,1337345.295
26-06-2020,1337972.616
27-06-2020,1325399.039
28-06-2020,1335128.799
29-06-2020,1360316.59
30-06-2020,1326791.629
01-07-2020,1339317.021
02-07-2020,1335741.879
03-07-2020,1338533.256
04-07-2020,1328074.752
05-07-2020,1339797.699
06-07-2020,1366789.036
07-07-2020,1334817.536
08-07-2020,1348595.111
09-07-2020,1345930.603
10-07-2020,1349263.041
11-07-2020,1338961.205
12-07-2020,1350455.354
13-07-2020,1376845.213
14-07-2020,1343925.882
15-07-2020,1356448.374
16-07-2020,1352272.242
17-07-2020,1353897.275
18-07-2020,1341761.167
19-07-2020,1351369.059
20-07-2020,1375899.12
21-07-2020,1341225.891
22-07-2020,1352178.19
23-07-2020,1346689.099
24-07-2020,1347325.108
25-07-2020,1334581.395
26-07-2020,1344009.216
27-07-2020,1368819.641
28-07-2020,1334905.429
29-07-2020,1347097.872
30-07-2020,1343316.2
31-07-2020,1346096.611
01-08-2020,1335887.958
02-08-2020,1348180.029
03-08-2020,1376108.669
04-08-2020,1345479.474
05-08-2020,1361026.891
06-08-2020,1360566.195
07-08-2020,1366525.404
08-08-2020,1359243.933
09-08-2020,1374104.364
10-08-2020,1404140.495
11-08-2020,1375064.297
12-08-2020,1391528.008
13-08-2020,1391278.873
14-08-2020,1396693.49
15-08-2020,1388078.58
16-08-2020,1400804.026
17-08-2020,1427912.237
18-08-2020,1395145.483
19-08-2020,1407207.857
20-08-2020,1401919.31
21-08-2020,1401748.676
22-08-2020,1387112.587
23-08-2020,1393506.111
24-08-2020,1414109.26
25-08-2020,1374811.065
26-08-2020,1380467.975
27-08-2020,1369054.086
28-08-2020,1363190.249
29-08-2020,1343439.044
30-08-2020,1345431.556
31-08-2020,1362470.216
01-09-2020,1320549.494
02-09-2020,1324611.306
03-09-2020,1312692.71
04-09-2020,1307453.04
05-09-2020,1289467.492
06-09-2020,1294353.165
07-09-2020,1315371.846
08-09-2020,1278451.32
09-09-2020,1288442.066
10-09-2020,1283266.906
11-09-2020,1285450.671
12-09-2020,1275416.873
13-09-2020,1288617.295
14-09-2020,1318138.699
15-09-2020,1289728.331
16-09-2020,1308054.996
17-09-2020,1310863.116
18-09-2020,1320506.773
19-09-2020,1317250.564
20-09-2020,1336403.105
21-09-2020,1370927.258
22-09-2020,1346468.68
23-09-2020,1367619.381
24-09-2020,1372073.64
25-09-2020,1382163.227
26-09-2020,1378158.734
27-09-2020,1395402.828
28-09-2020,1426919.513
29-09-2020,1398441.029
30-09-2020,1414669.099
01-10-2020,1413427.964
02-10-2020,1417196.197
03-10-2020,1406404.208
04-10-2020,1416563.361
05-10-2020,1440840.493
06-10-2020,1405171.495
07-10-2020,1414426.995
08-10-2020,1406591.471
09-10-2020,1404291.018
10-10-2020,1388087.17
11-10-2020,1393602.77
12-10-2020,1414124.169
13-10-2020,1375621.582
14-10-2020,1383004.464
15-10-2020,1374269.505
16-10-2020,1372028.37
17-10-2020,1356802.199
18-10-2020,1364148.841
19-10-2020,1387267.08
20-10-2020,1352019.587
21-10-2020,1363191.427
22-10-2020,1358641.614
23-10-2020,1360834.746
24-10-2020,1350139.621
25-10-2020,1361960.724
26-10-2020,1389346.684
27-10-2020,1358017.367
28-10-2020,1372626.292
29-10-2020,1370915.769
30-10-2020,1375251.702
31-10-2020,1365924.87
01-11-2020,1378284.499
02-11-2020,1405348.187
03-11-2020,1372829.805
04-11-2020,1385402.031
05-11-2020,1380850.941
06-11-2020,1381609.593
07-11-2020,1368057.472
08-11-2020,1375651.651
09-11-2020,1397533.807
10-11-2020,1359554.779
11-11-2020,1366533.44
12-11-2020,1356407.392
13-11-2020,1351762.521
14-11-2020,1333128.405
15-11-2020,1336105.523
16-11-2020,1353968.513
17-11-2020,1312687.264
18-11-2020,1317182.716
19-11-2020,1305474.916
20-11-2020,1300210.496
21-11-2020,1281956.553
22-11-2020,1286326.952
23-11-2020,1306585.314
24-11-2020,1268666.461
25-11-2020,1277433.182
26-11-2020,1270825.853
27-11-2020,1271391.995
28-11-2020,1259582.726
29-11-2020,1270882.033
30-11-2020,1298413.036
01-12-2020,1267962.958
02-12-2020,1284212.387
03-12-2020,1284982.024
04-12-2020,1292672.418
05-12-2020,1287595.04
06-12-2020,1305104.775
07-12-2020,1338209.091
08-12-2020,1312595.513
09-12-2020,1332894.092
10-12-2020,1336832.264
11-12-2020,1346769.064
12-12-2020,1342995.528
13-12-2020,1360867.127
14-12-2020,1393412.345
15-12-2020,1366359.053
16-12-2020,1384395.417
17-12-2020,1385322.79
18-12-2020,1391587.606
19-12-2020,1383579.189
20-12-2020,1396759.4
21-12-2020,1424268.302
22-12-2020,1391947.595
23-12-2020,1404598.624
24-12-2020,1400132.501
25-12-2020,1401099.418
26-12-2020,1387984.154
27-12-2020,1396333.715
28-12-2020,1419361.377
29-12-2020,1382968.887
30-12-2020,1392003.656
31-12-2020,1384408.502
01-01-2021,1382751.005
02-01-2021,1367519.462
03-01-2021,1374251.366
04-01-2021,1396138.626
05-01-2021,1359051.235
06-01-2021,1367796.189
07-01-2021,1360269.12
08-01-2021,1358985.669
09-01-2021,1344379.498
10-01-2021,1351932.826
11-01-2021,1374783.608
12-01-2021,1338751.038
13-01-2021,1348596.099
14-01-2021,1342174.592
15-01-2021,1341969.621
16-01-2021,1328390.418
17-01-2021,1336903.359
18-01-2021,1360639.292
19-01-2021,1325418.865
20-01-2021,1336012.578
21-01-2021,1330293.022
22-01-2021,1330766.322
23-01-2021,1317869.697
24-01-2021,1327101.029
25-01-2021,1351624.64
26-01-2021,1317294.99
27-01-2021,1328915.093
28-01-2021,1324387.169
29-01-2021,1326242.596
30-01-2021,1314923.481
31-01-2021,1325955.028
01-02-2021,1352506.46
02-02-2021,1320428.712
03-02-2021,1334512.485
04-02-2021,1332638.831
05-02-2021,1337309.332
06-02-2021,1328942.847
07-02-2021,1343004.744
08-02-2021,1372612.816
09-02-2021,1343561.606
10-02-2021,1360581.92
11-02-2021,1361493.003
12-02-2021,1368734.411
13-02-2021,1362664.468
14-02-2021,1378691.209
15-02-2021,1409879.932
16-02-2021,1381979.044
17-02-2021,1399680.932
18-02-2021,1400775.298
19-02-2021,1407681.949
20-02-2021,1400749.91
21-02-2021,1415388.74
22-02-2021,1444676.167
23-02-2021,1414383.718
24-02-2021,1429237.093
25-02-2021,1427068.732
26-02-2021,1430349.577
27-02-2021,1419486.969
28-02-2021,1429954.536
01-03-2021,1454898.289
02-03-2021,1420160.611
03-03-2021,1430538.944
04-03-2021,1423936.675
05-03-2021,1422893.279
06-03-2021,1407880.678
07-03-2021,1414431.747
08-03-2021,1435745.189
09-03-2021,1397708.519
10-03-2021,1405155.978
11-03-2021,1396018.886
12-03-2021,1392855.52
13-03-2021,1376147.453
14-03-2021,1381428.3
15-03-2021,1401889.067
16-03-2021,1363401.818
17-03-2021,1370778.465
18-03-2021,1361922.154
19-03-2021,1359358.275
20-03-2021,1343532.027
21-03-2021,1349938.424
22-03-2021,1371728.882
23-03-2021,1334736.097
24-03-2021,1343733.949
25-03-2021,1336589.881
26-03-2021,1335796.767
27-03-2021,1321771.155
28-03-2021,1329983.753
29-03-2021,1353566.318
30-03-2021,1318336.617
31-03-2021,1329058.218
01-04-2021,1323592.581
02-04-2021,1324430.452
03-04-2021,1311989.491
04-04-2021,1321744.04
05-04-2021,1346831.185
06-04-2021,1313074.858
07-04-2021,1325244.748
08-04-2021,1321207.535
09-04-2021,1323457.496
10-04-2021,1312413.431
11-04-2021,1323547.85
12-04-2021,1349992.614
13-04-2021,1317562.779
14-04-2021,1331015.436
15-04-2021,1328201.064
16-04-2021,1331594.444
17-04-2021,1321592.082
18-04-2021,1333642.059
19-04-2021,1360850.489
20-04-2021,1329006.294
21-04-2021,1342841.079
22-04-2021,1340181.559
23-04-2021,1343481.58
24-04-2021,1333120.612
25-04-2021,1344534.61
26-04-2021,1370823.38
27-04-2021,1337776.117
28-04-2021,1350131.865
29-04-2021,1345732.342
30-04-2021,1347054.106
01-05-2021,1334506.981
02-05-2021,1343564.583
03-05-2021,1367371.104
04-05-2021,1331766.038
05-05-2021,1341543.593
06-05-2021,1334604.271
07-05-2021,1333485.625
08-05-2021,1318659.134
09-05-2021,1325659.1
10-05-2021,1347687.752
11-05-2021,1310638.304
12-05-2021,1319352.755
13-05-2021,1311771.963
14-05-2021,1310465.055
15-05-2021,1295925.155
16-05-2021,1303697.369
17-05-2021,1326983.261
18-05-2021,1291663.567
19-05-2021,1302555.988
20-05-2021,1297565.565
21-05-2021,1299214.725
22-05-2021,1287939.956
23-05-2021,1299221.034
24-05-2021,1326187.004
25-05-2021,1294640.637
26-05-2021,1309318.13
27-05-2021,1308041.538
28-05-2021,1313250.945
29-05-2021,1305303.282
30-05-2021,1319603.654
31-05-2021,1349213.32
01-06-2021,1319875.986
02-06-2021,1336279.124
03-06-2021,1336207.764
04-06-2021,1342077.718
05-06-2021,1334235.107
06-06-2021,1348088.037
07-06-2021,1376714.561
08-06-2021,1345888.551
09-06-2021,1360340.252
10-06-2021,1357908.934
11-06-2021,1361074.662
12-06-2021,1350256.085
13-06-2021,1360940.134
14-06-2021,1386287.819
15-06-2021,1352157.828
16-06-2021,1363364.734
17-06-2021,1357829.322
18-06-2021,1358108.107
19-06-2021,1344689.014
20-06-2021,1353119.176
21-06-2021,1376609.079
22-06-2021,1341054.839
23-06-2021,1351295.418
24-06-2021,1345262.356
25-06-2021,1345509.085
26-06-2021,1332506.816
27-06-2021,1341772.944
28-06-2021,1366476.198
29-06-2021,1332460.267
30-06-2021,1344502.696
01-07-2021,1340466.568
02-07-2021,1342831.977
03-07-2021,1331994.235
04-07-2021,1343394.667
05-07-2021,1370128.172
06-07-2021,1337969.184
07-07-2021,1351632.787
08-07-2021,1348928.389
09-07-2021,1352292.945
10-07-2021,1342090.574
11-07-2021,1353744.415
12-07-2021,1380344.829
13-07-2021,1347675.585
14-07-2021,1360474.761
15-07-2021,1356587.768
16-07-2021,1358499.502
17-07-2021,1346632.494
18-07-2021,1356476.954
19-07-2021,1381196.849
20-07-2021,1346653.738
21-07-2021,1357665.137
22-07-2021,1352154.921
23-07-2021,1352682.825
24-07-2021,1339740.021
25-07-2021,1348876.719
26-07-2021,1373306.03
27-07-2021,1338925.873
28-07-2021,1350575.765
29-07-2021,1346186.066
30-07-2021,1348306.77
31-07-2021,1337402.851
01-08-2021,1348982.136
02-08-2021,1376199.944
03-08-2021,1344882.249
04-08-2021,1359784.201
05-08-2021,1358741.502
06-08-2021,1364201.71
07-08-2021,1356522.393
08-08-2021,1371102.03
09-08-2021,1400987.826
10-08-2021,1371902.096
11-08-2021,1388503.967
12-08-2021,1388543.81
13-08-2021,1394397.366
14-08-2021,1386366.424
15-08-2021,1399811.85
16-08-2021,1427763.08
17-08-2021,1395945.674
18-08-2021,1409043.62
19-08-2021,1404853.802
20-08-2021,1405819.553
21-08-2021,1392330.169
22-08-2021,1399852.213
23-08-2021,1421536.739
24-08-2021,1383244.095
25-08-2021,1389803.068
26-08-2021,1379161.844
27-08-2021,1373917.819
28-08-2021,1354613.21
29-08-2021,1356862.413
30-08-2021,1373955.333
31-08-2021,1331878.466
01-09-2021,1335570.582
02-09-2021,1323070.582
03-09-2021,1317044.661
04-09-2021,1298079.79
05-09-2021,1301809.542
06-09-2021,1321516.522
07-09-2021,1283153.213
08-09-2021,1291598.114
09-09-2021,1284804.722
10-09-2021,1285330.478
11-09-2021,1273632.649
12-09-2021,1285197.103
13-09-2021,1313144.181
14-09-2021,1283253.385
15-09-2021,1300223.649
16-09-2021,1301826.665
17-09-2021,1310440.241
18-09-2021,1306348.58
19-09-2021,1324875.299
20-09-2021,1358993.289
21-09-2021,1334353.026
22-09-2021,1355546.025
23-09-2021,1360260.782
24-09-2021,1370818.163
25-09-2021,1367473.03
26-09-2021,1385547.911
27-09-2021,1418042.797
28-09-2021,1390662.664
29-09-2021,1408079.439
30-09-2021,1408085.799
01-10-2021,1413127.81
02-10-2021,1403603.269
03-10-2021,1414991.649
04-10-2021,1440459.817
05-10-2021,1405885.249
06-10-2021,1416113.547
07-10-2021,1409107.797
08-10-2021,1407476.857
09-10-2021,1391769.59
10-10-2021,1397601.013
11-10-2021,1418254.659
12-10-2021,1379702.947
13-10-2021,1386862.452
14-10-2021,1377741.65
15-10-2021,1374968.299
16-10-2021,1359083.452
17-10-2021,1365668.123
18-10-2021,1387946.838
19-10-2021,1351809.869
20-10-2021,1362070.965
21-10-2021,1356618.107
22-10-2021,1357944.345
23-10-2021,1346445.633
24-10-2021,1357551.567
25-10-2021,1384333.163
26-10-2021,1352529.344
27-10-2021,1366808.839
28-10-2021,1364924.917
29-10-2021,1369249.9
30-10-2021,1360076.273
31-10-2021,1372750.226
01-11-2021,1400281.664
02-11-2021,1368372.321
03-11-2021,1381678.631
04-11-2021,1377966.761
05-11-2021,1379646.734
06-11-2021,1367072.494
07-11-2021,1375673.751
08-11-2021,1398563.728
09-11-2021,1361564.474
10-11-2021,1369466.506
11-11-2021,1360180.236
12-11-2021,1356266.253
13-11-2021,1338231.385
14-11-2021,1341656.493
15-11-2021,1359800.24
16-11-2021,1318620.586
17-11-2021,1323030.881
18-11-2021,1311048.112
19-11-2021,1305320.441
20-11-2021,1286421.028
21-11-2021,1289974.171
22-11-2021,1309258.003
23-11-2021,1270225.559
24-11-2021,1277761.065
25-11-2021,1269829.009
26-11-2021,1269003.08
27-11-2021,1255761.968
28-11-2021,1265617.945
29-11-2021,1291722.442
30-11-2021,1259890.327
01-12-2021,1274859.664
02-12-2021,1274444.404
03-12-2021,1281067.012
04-12-2021,1275057.912
05-12-2021,1291787.584
06-12-2021,1324275.435
07-12-2021,1298217.066
08-12-2021,1318246.645
09-12-2021,1322091.767
10-12-2021,1332107.774
11-12-2021,1328578.355
12-12-2021,1346848.27
13-12-2021,1379932.292
14-12-2021,1353542.015
15-12-2021,1372347.249
16-12-2021,1374129.432
17-12-2021,1381314.077
18-12-2021,1374269.134
19-12-2021,1388435.186
20-12-2021,1416931.638
21-12-2021,1385580.644
22-12-2021,1399165.553
23-12-2021,1395581.412
24-12-2021,1397364.597
25-12-2021,1384988.546
26-12-2021,1393991.572
27-12-2021,1417580.971
28-12-2021,1381655.224
29-12-2021,1391061.111
30-12-2021,1383743.293
31-12-2021,1382273.455
01-01-2022,1367145.976
02-01-2022,1373906.089
03-01-2022,1395754.739
04-01-2022,1358571.875
05-01-2022,1367174.967
06-01-2022,1359470.256
07-01-2022,1357983.747
08-01-2022,1343158.875
09-01-2022,1350486.721
10-01-2022,1373112.924
11-01-2022,1336862.972
12-01-2022,1346502.587
13-01-2022,1339890.659
14-01-2022,1339511.699
15-01-2022,1325774.696
16-01-2022,1334144.214
17-01-2022,1357747.876
18-01-2022,1322401.883
19-01-2022,1332871.305
20-01-2022,1327022.595
21-01-2022,1327355.327
22-01-2022,1314300.062
23-01-2022,1323348.239
24-01-2022,1347658.25
25-01-2022,1313079.429
26-01-2022,1324410.727
27-01-2022,1319551.586
28-01-2022,1321032.077
29-01-2022,1309309.239
30-01-2022,1319895.591
31-01-2022,1345964.012
01-02-2022,1313370.75
02-02-2022,1326913.384
03-02-2022,1324481.259
04-02-2022,1328585.48
05-02-2022,1319655.409
06-02-2022,1333167.632
07-02-2022,1362251.571
08-02-2022,1332713.493
09-02-2022,1349295.695
10-02-2022,1349828.358
11-02-2022,1356761.103
12-02-2022,1350461.16
13-02-2022,1366344.045
14-02-2022,1397480.889
15-02-2022,1369624.109
16-02-2022,1387468.139
17-02-2022,1388802.698
18-02-2022,1396045.546
19-02-2022,1389541.645
20-02-2022,1404694.552
21-02-2022,1434574.199
22-02-2022,1404942.712
23-02-2022,1420515.011
24-02-2022,1419111.641
25-02-2022,1423190.83
26-02-2022,1413146.683
27-02-2022,1424439.404
28-02-2022,1450201.697
01-03-2022,1416263.069
02-03-2022,1427408.809
03-03-2022,1421531.138
04-03-2022,1421159.589
05-03-2022,1406757.55
06-03-2022,1413850.932
07-03-2022,1435633.138
08-03-2022,1397988.11
09-03-2022,1405748.242
10-03-2022,1396844.696
11-03-2022,1393837.19
12-03-2022,1377210.208
13-03-2022,1382501.586
14-03-2022,1402907.662
15-03-2022,1364306.731
16-03-2022,1371517.6
17-03-2022,1362450.734
18-03-2022,1359639.03
19-03-2022,1343535.153
20-03-2022,1349641.321
21-03-2022,1371115.708
22-03-2022,1333797.152
23-03-2022,1342464.928
24-03-2022,1334991.035
25-03-2022,1333872
26-03-2022,1319527.105
27-03-2022,1327428.896
28-03-2022,1350710.12
29-03-2022,1315188.779
30-03-2022,1325628.038
31-03-2022,1319888.452
01-04-2022,1320459.518
02-04-2022,1307757.48
03-04-2022,1317255.25
04-04-2022,1342088.653
05-04-2022,1308080.674
06-04-2022,1320000.519
07-04-2022,1315714.952
08-04-2022,1317719
09-04-2022,1306432.925
10-04-2022,1317331.437
11-04-2022,1343549.317
12-04-2022,1310905.207
13-04-2022,1324160.361
14-04-2022,1321169.876
15-04-2022,1324413.452
16-04-2022,1314292.642
17-04-2022,1326260.505
18-04-2022,1353427.857
19-04-2022,1321587.838
20-04-2022,1335475.572
21-04-2022,1332920.406
22-04-2022,1336377.745
23-04-2022,1326227.396
24-04-2022,1337904.31
25-04-2022,1364505.859
26-04-2022,1331817.344
27-04-2022,1344572.452
28-04-2022,1340606.136
29-04-2022,1342386.885
30-04-2022,1330315.291
01-05-2022,1339854.77
02-05-2022,1364138.573
03-05-2022,1328994.771
04-05-2022,1339205.963
05-05-2022,1332661.159
06-05-2022,1331886.853
07-05-2022,1317344.22
08-05-2022,1324558.317
09-05-2022,1346723.477
10-05-2022,1309726.631
11-05-2022,1318405.332
12-05-2022,1310698.005
13-05-2022,1309173.496
14-05-2022,1294326.866
15-05-2022,1301707.39
16-05-2022,1324522.991
17-05-2022,1288662.842
18-05-2022,1298954.987
19-05-2022,1293316.493
20-05-2022,1294283.221
21-05-2022,1282306.174
22-05-2022,1292880.372
23-05-2022,1319150.449
24-05-2022,1286934.703
25-05-2022,1300984.4
26-05-2022,1299135.8
27-05-2022,1303841.95
28-05-2022,1295471.15
29-05-2022,1309437.966
30-05-2022,1338810.947
31-05-2022,1309338.705
01-06-2022,1325711.097
02-06-2022,1325712.937
03-06-2022,1331757.212
04-06-2022,1324184.679
05-06-2022,1338395.68
06-06-2022,1367458.304
07-06-2022,1337134.528
08-06-2022,1352141.094
09-06-2022,1350302.527
10-06-2022,1354083.314
11-06-2022,1343886.113
12-06-2022,1355181.904
13-06-2022,1381116.221
14-06-2022,1347533.178
15-06-2022,1359234.083
16-06-2022,1354128.134
17-06-2022,1354762.248
18-06-2022,1341617.007
19-06-2022,1350234.648
20-06-2022,1373823.337
21-06-2022,1338279.486
22-06-2022,1348444.95
23-06-2022,1342256.646
24-06-2022,1342275.691
25-06-2022,1328983.037
26-06-2022,1337907.575
27-06-2022,1362230.911
28-06-2022,1327810.589
29-06-2022,1339438.561
30-06-2022,1334992.4
01-07-2022,1336966.33
02-07-2022,1325768.977
03-07-2022,1336853.746
04-07-2022,1363325.991
05-07-2022,1330968.644
06-07-2022,1344503.043
07-07-2022,1341742.406
08-07-2022,1345124.91
09-07-2022,1335013.26
10-07-2022,1346826.572
11-07-2022,1373648.683
12-07-2022,1341254.536
13-07-2022,1354371.34
14-07-2022,1350831.936
15-07-2022,1353107.337
16-07-2022,1341605.327
17-07-2022,1351800.972
18-07-2022,1376843.204
19-07-2022,1342579.15
20-07-2022,1353812.997
21-07-2022,1348456.855
22-07-2022,1349060.692
23-07-2022,1336108.283
24-07-2022,1345145.121
25-07-2022,1369382.516
26-07-2022,1334719.646
27-07-2022,1346000.415
28-07-2022,1341162.651
29-07-2022,1342766.771
30-07-2022,1331290.906
31-07-2022,1342258.458
01-08-2022,1368842.348
02-08-2022,1336887.715
03-08-2022,1351169.914
04-08-2022,1349545.323
05-08-2022,1354482.053
06-08-2022,1346357.491
07-08-2022,1360588.599
08-08-2022,1390239.143
09-08-2022,1361045.537
10-08-2022,1377678.06
11-08-2022,1377894.867
12-08-2022,1384075.789
13-08-2022,1376522.77
14-08-2022,1390592.765
15-08-2022,1419307.208
16-08-2022,1388379.657
17-08-2022,1402478.3
18-08-2022,1399380.724
19-08-2022,1401507.891
20-08-2022,1389224.151
21-08-2022,1397969.13
22-08-2022,1420865.604
23-08-2022,1383745.006
24-08-2022,1391407.303
25-08-2022,1381772.694
26-08-2022,1377412.162
27-08-2022,1358843.791
28-08-2022,1361660.782
29-08-2022,1379135.385
30-08-2022,1337240.488
31-08-2022,1340905.718
01-09-2022,1328165.605
02-09-2022,1321686.93
03-09-2022,1302062.276
04-09-2022,1304935.779
05-09-2022,1323605.369
06-09-2022,1284043.302
07-09-2022,1291151.854
08-09-2022,1282911.77
09-09-2022,1281910.568
10-09-2022,1268637.711
11-09-2022,1278612.614
12-09-2022,1304989.698
13-09-2022,1273582.247
14-09-2022,1289121.859
15-09-2022,1289410.957
16-09-2022,1296855.402
17-09-2022,1291764.067
18-09-2022,1309481.256
19-09-2022,1342996.047
20-09-2022,1317970.22
21-09-2022,1339001.424
22-09-2022,1343778.992
23-09-2022,1354619.318
24-09-2022,1351767.619
25-09-2022,1370531.864
26-09-2022,1403892.962
27-09-2022,1377532.789
28-09-2022,1396096.755
29-09-2022,1397348.306
30-09-2022,1403702.311
01-10-2022,1395524.217
02-10-2022,1408260.831
03-10-2022,1435046.871
04-10-2022,1401729.006
05-10-2022,1413124.155
06-10-2022,1407169.561
07-10-2022,1406451.731
08-10-2022,1391501.209
09-10-2022,1397919.166
10-10-2022,1418980.079
11-10-2022,1380652.29
12-10-2022,1387853.328
13-10-2022,1378597.578
14-10-2022,1375523.446
15-10-2022,1359187.043
16-10-2022,1365188.392
17-10-2022,1386774.429
18-10-2022,1349860.59
19-10-2022,1359287.831
20-10-2022,1352972.621
21-10-2022,1353436.982
22-10-2022,1341105.523
23-10-2022,1351435.39
24-10-2022,1377523.29
25-10-2022,1345131.273
26-10-2022,1358948.01
27-10-2022,1356742.984
28-10-2022,1360900.571
29-10-2022,1351720.83
30-10-2022,1364552.843
31-10-2022,1392404.662
01-11-2022,1360971.474
02-11-2022,1374898.663
03-11-2022,1371937.141
04-11-2022,1374477.892
05-11-2022,1362852.55
06-11-2022,1372465.848
07-11-2022,1396404.034
08-11-2022,1360460.908
09-11-2022,1369398.208
10-11-2022,1361097.81
11-11-2022,1358092.755
12-11-2022,1340864.034
13-11-2022,1344969.064
14-11-2022,1363646.057
15-11-2022,1322836.045
16-11-2022,1327439.403
17-11-2022,1315464.425
18-11-2022,1309555.067
19-11-2022,1290284.873
20-11-2022,1293283.084
21-11-2022,1311837.193
22-11-2022,1271913.761
23-11-2022,1278414.342
24-11-2022,1269324.104
25-11-2022,1267240.235
26-11-2022,1252667.14
27-11-2022,1261144.375
28-11-2022,1285851.542
29-11-2022,1252631.88
30-11-2022,1266251.326
01-12-2022,1264550.548
02-12-2022,1269976.947
03-12-2022,1262883.531
04-12-2022,1278660.513
05-12-2022,1310343.768
06-12-2022,1283641.772
07-12-2022,1303197.747
08-12-2022,1306744.401
09-12-2022,1316638.216
10-12-2022,1313160.137
11-12-2022,1331648.467
12-12-2022,1365108.078
13-12-2022,1339237.565
14-12-2022,1358691.057
15-12-2022,1361232.109
16-12-2022,1369266.657
17-12-2022,1363141.932
18-12-2022,1378277.201
19-12-2022,1407770.52
20-12-2022,1377423.18
21-12-2022,1391998.663
22-12-2022,1389373.595
23-12-2022,1392067.772
24-12-2022,1380540.228
25-12-2022,1390317.298
26-12-2022,1414596.914
27-12-2022,1379270.894
28-12-2022,1389182.08
29-12-2022,1382273.854
30-12-2022,1381119.145
31-12-2022,1366215.893
01-01-2023,1373114.949
02-01-2023,1395024.617
03-01-2023,1357833.591
04-01-2023,1366369.105
05-01-2023,1358547.78
06-01-2023,1356906.234
07-01-2023,1341898.361
08-01-2023,1349025.192
09-01-2023,1371441.485
10-01-2023,1334980.729
11-01-2023,1344415.304
12-01-2023,1337609.237
13-01-2023,1337050.55
14-01-2023,1323150.057
15-01-2023,1331372.484
16-01-2023,1354844.026
17-01-2023,1319377.994
18-01-2023,1329735.296
19-01-2023,1323777.177
20-01-2023,1323997.221
21-01-2023,1310819.513
22-01-2023,1319728.832
23-01-2023,1343877.045
24-01-2023,1309107.399
25-01-2023,1320213.491
26-01-2023,1315090.416
27-01-2023,1316265.123
28-01-2023,1304192.962
29-01-2023,1314386.332
30-01-2023,1340019.65
31-01-2023,1306952.396
01-02-2023,1319987.055
02-02-2023,1317019.472
03-02-2023,1320568.707
04-02-2023,1311073.359
05-02-2023,1324020.293
06-02-2023,1352550
07-02-2023,1322480.303
08-02-2023,1338565.228
09-02-2023,1338646.539
10-02-2023,1345184.958
11-02-2023,1338558.028
12-02-2023,1354190.485
13-02-2023,1385161.323
14-02-2023,1357229.22
15-02-2023,1375093.092
16-02-2023,1376545.203
17-02-2023,1384003.842
18-02-2023,1377812.44
19-02-2023,1393370.988
20-02-2023,1423743.891
21-02-2023,1394685.911
22-02-2023,1410902.948
23-02-2023,1410205.088
24-02-2023,1415038.917
25-02-2023,1405786.001
26-02-2023,1417893.411
27-02-2023,1444480.442
28-02-2023,1411363.236
01-03-2023,1423314.07
02-03-2023,1418212.807
03-03-2023,1418577.543
04-03-2023,1404861.397
05-03-2023,1412581.378
06-03-2023,1434923.522
07-03-2023,1397766.049
08-03-2023,1405937.343
09-03-2023,1397366.293
10-03-2023,1394612.04
11-03-2023,1378160.121
12-03-2023,1383550.93
13-03-2023,1403984.716
14-03-2023,1365344.847
15-03-2023,1372456.158
16-03-2023,1363235.863
17-03-2023,1360224.098
18-03-2023,1343881.008
19-03-2023,1349716.309
20-03-2023,1370895.463
21-03-2023,1333264.194
22-03-2023,1341608.088
23-03-2023,1333804.734
24-03-2023,1332355.432
25-03-2023,1317683.348
26-03-2023,1325263.991
27-03-2023,1348232.164
28-03-2023,1312407.066
29-03-2023,1322552.275
30-03-2023,1316528.089
31-03-2023,1316823.214
01-04-2023,1303852.715
02-04-2023,1313088.112
03-04-2023,1337663.789
04-04-2023,1303401.412
05-04-2023,1315069.148
06-04-2023,1310533.151
07-04-2023,1312288.378
08-04-2023,1300755.671
09-04-2023,1311411.019
10-04-2023,1337391.22
11-04-2023,1304517.659
12-04-2023,1317555.017
13-04-2023,1314362.418
14-04-2023,1317424.08
15-04-2023,1307146.417
16-04-2023,1318987.52
17-04-2023,1346063.22
18-04-2023,1314171.446
19-04-2023,1328051.682
20-04-2023,1325536.987
21-04-2023,1329085.638
22-04-2023,1319079.284
23-04-2023,1330953.531
24-04-2023,1357805.093
25-04-2023,1325417.199
26-04-2023,1338520.009
27-04-2023,1334943.479
28-04-2023,1337149.681
29-04-2023,1325531.451
30-04-2023,1335543.247
01-05-2023,1360308.341
02-05-2023,1325644.026
03-05-2023,1336321.573
04-05-2023,1330218.399
05-05-2023,1329849.45
06-05-2023,1315664.703
07-05-2023,1323178.691
08-05-2023,1345576.212
09-05-2023,1308735.936
10-05-2023,1317488.707
11-05-2023,1309768.027
12-05-2023,1308139.792
13-05-2023,1293098.233
14-05-2023,1300194.005
15-05-2023,1322638.643
16-05-2023,1286327.142
17-05-2023,1296095.474
18-05-2023,1289870.593
19-05-2023,1290199.988
20-05-2023,1277547.774
21-05-2023,1287423.249
22-05-2023,1312986.142
23-05-2023,1280070.292
24-05-2023,1293442.543
25-05-2023,1290954.379
26-05-2023,1295073.303
27-05-2023,1286180.925
28-05-2023,1299703.607
29-05-2023,1328719.865
30-05-2023,1298986.163
31-05-2023,1315197.879
01-06-2023,1315142.85
02-06-2023,1321234.501
03-06-2023,1313811.413
04-06-2023,1328269.191
05-06-2023,1357668.74
06-06-2023,1327762.601
07-06-2023,1343256.076
08-06-2023,1341960.557
09-06-2023,1346326.058
10-06-2023,1336739.829
11-06-2023,1348656.922
12-06-2023,1375206.866
13-06-2023,1342218.14
14-06-2023,1354477.215
15-06-2023,1349879.66
16-06-2023,1350960.354
17-06-2023,1338189.755
18-06-2023,1347102.174
19-06-2023,1370900.255
20-06-2023,1335477.438
21-06-2023,1345675.219
22-06-2023,1339432.766
23-06-2023,1339315.965
24-06-2023,1325812.9
25-06-2023,1334461.713
26-06-2023,1358455.1
27-06-2023,1323663.173
28-06-2023,1334891.536
29-06-2023,1330032.071
30-06-2023,1331593.516
01-07-2023,1319998.757
02-07-2023,1330714.76
03-07-2023,1356859.305
04-07-2023,1324226.219
05-07-2023,1337545.855
06-07-2023,1334638.269
07-07-2023,1337946.075
08-07-2023,1327833.856
09-07-2023,1339719.972
10-07-2023,1366684.883
11-07-2023,1334497.618
12-07-2023,1347877.113
13-07-2023,1344645.822
14-07-2023,1347262.579
15-07-2023,1336121.573
16-07-2023,1346683.295
17-07-2023,1372081.587
18-07-2023,1338148.468
19-07-2023,1349673.493
20-07-2023,1344555.122
21-07-2023,1345331.126
22-07-2023,1332474.977
23-07-2023,1341524.146
24-07-2023,1365684.53
25-07-2023,1330852.761
26-07-2023,1341873.228
27-07-2023,1336687.362
28-07-2023,1337862.287
29-07-2023,1325885.836
30-07-2023,1336293.91
31-07-2023,1362274.435
01-08-2023,1329689.687
02-08-2023,1343333.839
03-08-2023,1341083.268
04-08-2023,1345426.698
05-08-2023,1336762.157
06-08-2023,1350526.667
07-08-2023,1379802.865
08-08-2023,1350344.261
09-08-2023,1366835.895
10-08-2023,1367047.854
11-08-2023,1373368.63
12-08-2023,1366105.204
13-08-2023,1380615.689
14-08-2023,1409918.631
15-08-2023,1379720.603
16-08-2023,1394678.778
17-08-2023,1392555.867
18-08-2023,1395754.375
19-08-2023,1384617.005
20-08-2023,1394559.028
21-08-2023,1418676.724
22-08-2023,1382773.518
23-08-2023,1391620.555
24-08-2023,1383109.12
25-08-2023,1379781.931
26-08-2023,1362130.195
27-08-2023,1365722.349
28-08-2023,1383808.656
29-08-2023,1342343.409
30-08-2023,1346241.575
31-08-2023,1333527.39
01-09-2023,1326862.05
02-09-2023,1306837.472
03-09-2023,1309102.15
04-09-2023,1326963.352
05-09-2023,1286407.494
06-09-2023,1292355.549
07-09-2023,1282811.084
08-09-2023,1280388.054
09-09-2023,1265605.357
10-09-2023,1274014.144
11-09-2023,1298802.119
12-09-2023,1265816.591
13-09-2023,1279823.093
14-09-2023,1278657.068
15-09-2023,1284755.665
16-09-2023,1278456.547
17-09-2023,1295129.592
18-09-2023,1327785.616
19-09-2023,1302103.751
20-09-2023,1322694.201
21-09-2023,1327253.745
22-09-2023,1338100.944
23-09-2023,1335477.862
24-09-2023,1354684.098
25-09-2023,1388687.197
26-09-2023,1363151.041
27-09-2023,1382698.894
28-09-2023,1385068.476
29-09-2023,1392646.033
30-09-2023,1385766.233
01-10-2023,1399843.744
02-10-2023,1427980.62
03-10-2023,1395991.172
04-10-2023,1408661.1
05-10-2023,1403898.365
06-10-2023,1404262.858
07-10-2023,1390261.84
08-10-2023,1397477.111
09-10-2023,1419168.151
10-10-2023,1381293.025
11-10-2023,1388763.928
12-10-2023,1379594.945
13-10-2023,1376429.167
14-10-2023,1359832.195
15-10-2023,1365418.045
16-10-2023,1386451.723
17-10-2023,1348870.281
18-10-2023,1357539.216
19-10-2023,1350401.764
20-10-2023,1350008.186
21-10-2023,1336812.018
22-10-2023,1346299.216
23-10-2023,1371594.385
24-10-2023,1338485.799
25-10-2023,1351685.959
26-10-2023,1348985.142
27-10-2023,1352784.912
28-10-2023,1343398.459
29-10-2023,1356183.58
30-10-2023,1384152.404
31-10-2023,1352999.449
01-11-2023,1367364.714
02-11-2023,1364989.162
03-11-2023,1368249.539
04-11-2023,1357459.34
05-11-2023,1368001.753
06-11-2023,1392938.657
07-11-2023,1358037.31
08-11-2023,1368031.448
09-11-2023,1360774.231
10-11-2023,1358770.03
11-11-2023,1342471.973
12-11-2023,1347411.148
13-11-2023,1366801.664
14-11-2023,1326563.299
15-11-2023,1331578.577
16-11-2023,1319841.794
17-11-2023,1313987.116
18-11-2023,1294582.749
19-11-2023,1297257.165
20-11-2023,1315301.671
21-11-2023,1274691.102
22-11-2023,1280339.528
23-11-2023,1270248.532
24-11-2023,1267035.194
25-11-2023,1251226.763
26-11-2023,1258388.017
27-11-2023,1281725.514
28-11-2023,1247110.505
29-11-2023,1259337.313
30-11-2023,1256274.669
01-12-2023,1260397.04
02-12-2023,1252082.869
03-12-2023,1266745.593
04-12-2023,1297441.573
05-12-2023,1269896.605
06-12-2023,1288767.709
07-12-2023,1291797.619
08-12-2023,1301348.92
09-12-2023,1297704.688
10-12-2023,1316201.439
11-12-2023,1349838.495
12-12-2023,1324305.382
13-12-2023,1344243.966
14-12-2023,1347402.751
15-12-2023,1356170.294
16-12-2023,1350874.62
17-12-2023,1366914.513
18-12-2023,1397366.809
19-12-2023,1368011.407
20-12-2023,1383590.756
21-12-2023,1381961.323
22-12-2023,1385624.08
23-12-2023,1375020.989
24-12-2023,1385663.408
25-12-2023,1410736.666
26-12-2023,1376122.551
27-12-2023,1386656.561
28-12-2023,1380277.464
29-12-2023,1379556.252
30-12-2023,1364991.496
31-12-2023,1372137.054
01-01-2024,1394206.358
02-01-2024,1357095.058
03-01-2024,1365638.823
04-01-2024,1357763.819
05-01-2024,1356016.925
06-01-2024,1340862.627
07-01-2024,1347812.49
08-01-2024,1370031.379
09-01-2024,1333362.138
10-01-2024,1342585.452
11-01-2024,1335572.36
12-01-2024,1334816.415
13-01-2024,1320732.354
14-01-2024,1328787.153
15-01-2024,1352107.578
16-01-2024,1316505.9
17-01-2024,1326740.487
18-01-2024,1320668.719
19-01-2024,1320779.212
20-01-2024,1307490.229
21-01-2024,1316280.167
22-01-2024,1340294.248
23-01-2024,1305369.132
24-01-2024,1316292.191
25-01-2024,1310952.957
26-01-2024,1311873.755
27-01-2024,1299506.49
28-01-2024,1309361.497
29-01-2024,1334612.669
30-01-2024,1301120.605
31-01-2024,1313690.6
01-02-2024,1310222.989
02-02-2024,1313242.945
03-02-2024,1303196.673
04-02-2024,1315579.975
05-02-2024,1343543.385
06-02-2024,1312915.622
07-02-2024,1328462.177
08-02-2024,1328036.528
09-02-2024,1334111.048
10-02-2024,1327074.533
11-02-2024,1342362.257
12-02-2024,1373062.733
13-02-2024,1344942.865
14-02-2024,1362708.251
15-02-2024,1364156.095
16-02-2024,1371707.73
17-02-2024,1365707.622
18-02-2024,1381554.748
19-02-2024,1412310.45
20-02-2024,1383724.444
21-02-2024,1400495.71
22-02-2024,1400425.708
23-02-2024,1405950.904
24-02-2024,1397441.491
25-02-2024,1410332.197
26-02-2024,1437729.305
27-02-2024,1405435.584
28-02-2024,1418209.909
29-02-2024,1413919.012
01-03-2024,1415068.439
02-03-2024,1402099.621
03-03-2024,1410518.983
04-03-2024,1433503.304
05-03-2024,1396923.036
06-03-2024,1405600.424
07-03-2024,1397459.915
08-03-2024,1395057.944
09-03-2024,1378879.052
10-03-2024,1384464.289
11-03-2024,1405016.097
12-03-2024,1366421.434
13-03-2024,1373509.937
14-03-2024,1364204.631
15-03-2024,1361052.241
16-03-2024,1344520.053
17-03-2024,1350125.223
18-03-2024,1371040.728
19-03-2024,1333119.653
20-03-2024,1341154.587
21-03-2024,1333029.589
22-03-2024,1331251.741
23-03-2024,1316249.192
24-03-2024,1323501.562
25-03-2024,1346146.848
26-03-2024,1310006.531
27-03-2024,1319845.592
28-03-2024,1313524.929
29-03-2024,1313533.148
30-03-2024,1300284.641
31-03-2024,1309249.832
01-04-2024,1333561.75
02-04-2024,1299040.616
03-04-2024,1310453.233
04-04-2024,1305664.632
05-04-2024,1307169.038
06-04-2024,1295387.081
07-04-2024,1305795.158
08-04-2024,1331531.167
09-04-2024,1298418.327
10-04-2024,1311223.881
11-04-2024,1307810.216
12-04-2024,1310665.438
13-04-2024,1300200.366
14-04-2024,1311877.883
15-04-2024,1338818.825
16-04-2024,1306826.16
17-04-2024,1320644.238
18-04-2024,1318110.604
19-04-2024,1321687.428
20-04-2024,1311759.46
21-04-2024,1323764.421
22-04-2024,1350799.991
23-04-2024,1318649.077
24-04-2024,1332040.13
25-04-2024,1328799.943
26-04-2024,1331385.958
27-04-2024,1320184.941
28-04-2024,1330643.918
29-04-2024,1355877.489
30-04-2024,1321693.206
01-05-2024,1332851.736
02-05-2024,1327219.281
03-05-2024,1327299.234
04-05-2024,1313529.982
05-05-2024,1321414.741
06-05-2024,1344127.59
07-05-2024,1307537.386
08-05-2024,1316466.368
09-05-2024,1308840.919
10-05-2024,1307221.543
11-05-2024,1292099.013
12-05-2024,1299022.615
13-05-2024,1321204.705
14-05-2024,1284543.334
15-05-2024,1293879.748
16-05-2024,1287148.315
17-05-2024,1286905.94
18-05-2024,1273627.955
19-05-2024,1282836.423
20-05-2024,1307705.092
21-05-2024,1274082.727
22-05-2024,1286751.638
23-05-2024,1283578.915
24-05-2024,1287047.413
25-05-2024,1277553.425
26-05-2024,1290536.946
27-05-2024,1319088.698
28-05-2024,1288975.597
29-05-2024,1304901.426
30-05-2024,1304660.142
31-05-2024,1310668.83
01-06-2024,1303267.159
02-06-2024,1317849.211
03-06-2024,1347471.783
04-06-2024,1317880.833
05-06-2024,1333772.766
06-06-2024,1332948.009
07-06-2024,1337843.834
08-06-2024,1328833.318
09-06-2024,1341356.298
10-06-2024,1368526.467
11-06-2024,1336156.274
12-06-2024,1349016.424
13-06-2024,1344987.407
14-06-2024,1346590.135
15-06-2024,1334282.599
16-06-2024,1343588.478
17-06-2024,1367701.918
18-06-2024,1332510.219
19-06-2024,1342851.259
20-06-2024,1336663.193
21-06-2024,1336513.509
22-06-2024,1322894.443
23-06-2024,1331350.697
24-06-2024,1355083.714
25-06-2024,1319974.267
26-06-2024,1330840.194
27-06-2024,1325586.798
28-06-2024,1326737.002
